{
  "Extensions": [
    {
      "extensionName": "GANTT chart",
      "link": "<a href='https://marketplace.visualstudio.com/items?itemName=AgileParts.gantt' target='_blank'><b>GANTT chart</b></a>",
      "publisherId": "AgileParts",
      "extensionId": "gantt",
      "publisherName": "Agile Parts",
      "License": "<a href='https://marketplace.visualstudio.com/items?itemName=AgileParts.gantt' target='_blank'>License Terms</a>"
    },
    {
      "extensionName": "Code Search",
      "link": "<a href='https://marketplace.visualstudio.com/items?itemName=ms.vss-code-search' target='_blank'><b>Code Search</b></a>",
      "publisherId": "ms",
      "extensionId": "vss-code-search",
      "publisherName": "Microsoft",
      "License": "<a href='https://marketplace.visualstudio.com/items?itemName=ms.vss-code-search' target='_blank'>License Terms</a>"
    }
  ]
}